priority,category,scope,pattern,decision_note
1,exclude_transplant,both,"transplant|donor hepatectomy|donor nephrectomy","All solid-organ transplant and donor operations excluded"
2,exclude_cardiac,mover,"cabg|coronary artery bypass|aortic valve|mitral valve|tricuspid valve|pulmonic valve|cardiac|\bheart\b|ventricular assist|\bvad\b|ascending aorta|aortic arch|aortic root|maze procedure|electrophysiology|arrhythmogenic|atrial septal|\basd\b|pacemaker|defibrillator|tavr|transcatheter aortic|sternotomy","Cardiac and electrophysiology procedures excluded"
10,thoracic,both,"thoracic surgery|vats|thoracoscop|thoracotomy|lung|pulmonary|pleur|mediastin|pneumon|lobectomy|segmentectomy|wedge resection|decortication|esophagectomy|rib fixation|fixation, rib|exploration, chest|tracheostomy|bronchoscopy|pericardial window|thoracic outlet|chest tube","Noncardiac intrathoracic operations"
20,vascular,both,"vascular|angiogram|arteriogram|angioplasty|endarterectomy|embolectomy|thrombectomy|arterial bypass|bypass, arterial|aortoiliac|aorto-iliac|aortofemoral|femoropopliteal|axillary to femoral|aaa|abdominal aorta|descending aorta|thoracic aorta, descending|arteriovenous fistula|av fistula|pseudoaneurysm|repair, artery|ivc filter|inferior vena cava|embolization, blood vessel|ir embo non-cns|ir angio pelvis|ir angio mesenteric|stent, artery|endovascular","Open or endovascular noncardiac vascular operations"
30,genitourinary_gynecologic,both,"urology|gynecology|hysterectomy|salpingo|oophor|gynec|uter|ovari|vulv|cervix|nephrectomy|cystectomy|cystoscopy|prostatectomy|prostate|ureter|bladder|kidney|pyeloplasty|orchiectomy|testic|scrotum|vagina|cesarean|turbt|turp","Urologic and gynecologic operations; transplant already removed by priority"
40,abdominal,both,"colorectal|biliary/pancreas|hepatic|stomach|laparotomy|laparoscop|abdom|bowel|colon|colectomy|rect|gastrectomy|gastric|gastrostomy|cholecyst|biliar|pancrea|whipple|liver|hernia|append|ileostomy|colostomy|jejun|duoden|small bowel|splen|periton|ercp|proct|anorectal|enterostomy|fundoplication|adhesiolysis|adrenalectomy","Abdominal and gastrointestinal operations"
50,superficial_other,both,"breast|thyroid|parathyroid|skin|soft tissue|debridement|wound|incision and drainage|excision|biopsy","Shared residual general-surgery support category"
90,out_of_common_support,mover,"crani|brain|cerebral|aneurysm or avm|spine|spinal|fusion|laminectomy|discectomy|orthopedic|orif|fracture|arthroplasty|hip|knee|shoulder|amputation|sinus|neck|oral|maxillofacial|maxillectomy|ophthalm|eye|fasciotomy|external fixation|extremity|bone graft|laryngectomy|glossectomy|pharyngoplasty","Present in MOVER but absent or minimally represented in VitalDB source cohort"
99,unmapped,both,".*","Requires blinded manual adjudication before model fitting"
